Run ;X; Y 
1;-4;-4
2;4;-4
3;-4;4
4;4;4
5;-4;-1.33333
6;-4;1.33333
7;4;-1.33333
8;4;1.33333
9;-1.33333;-4
10;-1.33333;4
11;1.33333;4
12;0;0
13;0;0
14;0;0
15;0;0
