Number;X;Y;eval
1;1;0;4.453125
2;3.5;0;6.328125
3;1;1;14.203125
4;3.5;1;1887.25
5;1;0.333333;5.309433484
6;3.5;0.333333;1.215100857
7;3.5;0.666667;157.6232039
8;1.83333;0;0.911464167
9;2.66667;0;1.536469167
10;1.83333;1;64.87511189
11;2.66667;1;405.0837982
12;2.25;0.5;4.978214264
13;2.25;0.5;4.978214264
14;2.25;0.5;4.978214264
15;2.25;0.5;4.978214264
