Run,X,Y,real
1,-4.0,-4.0,72769.203125
2,4.0,-4.0,70459.203125
3,-4.0,4.0,65633.203125
4,4.0,4.0,68891.203125
5,-4.0,-1.33333,377.5187283593528
6,-4.0,1.33333,8.92831353982684
7,4.0,-1.33333,207.96367946899716
8,4.0,1.33333,102.48272243098236
9,-1.33333,-4.0,8354.7179403275
10,-1.33333,4.0,6943.167122546698
11,1.33333,4.0,8029.164407546698
12,0.0,0.0,14.203125
13,0.0,0.0,14.203125
14,0.0,0.0,14.203125
15,0.0,0.0,14.203125
