RUN;X;Y
1;1.02;0.6
2;1.08;6
3;-3;1.86
4;-6;-1.2
5;-6;-5.23437
6;1.02;0.6
7;-2.04;-6
8;1.62;-3.67993
9;6;5.88
10;-3.8694;6
11;1.02;0.6
12;6;-4.56
13;6;0.840652
14;-3.8694;6
