RUN,X,Y,real
1,-2.0,-0.46,1998.16
2,2.0,-0.92,2421.64
3,0.593515,-1.0,183.025955750937
4,1.38105,3.0,119.54472424223047
5,2.0,0.488566,1234.0168736356
6,-0.3,3.0,848.5000000000002
7,1.08,1.6,18.807295999999997
8,-0.587774,-0.2,32.27568113306484
9,-2.0,1.28,748.8399999999999
10,-0.312021,1.26484,138.02303024672366
11,-0.312021,1.26484,138.02303024672366
12,-2.0,3.0,109.0
13,-0.312021,1.26484,138.02303024672366
14,1.38105,3.0,119.54472424223047
