RUN;X;Y
1;-2;-0.46
2;2;-0.92
3;0.593515;-1
4;1.38105;3
5;2;0.488566
6;-0.3;3
7;1.08;1.6
8;-0.587774;-0.2
9;-2;1.28
10;-0.312021;1.26484
11;-0.312021;1.26484
12;-2;3
13;-0.312021;1.26484
14;1.38105;3
