Number;X;Y;eval
1;-4;-3.5;3.81
2;-3;-3.5;35.31
3;-4;-2.5;28.81
4;-3;-2.5;34.31
5;-4;-3.16667;4.31
6;-4;-2.83333;13.53
7;-3;-3.16667;26.7
8;-3;-2.83333;27.25
9;-3.66667;-3.5;3.62
10;-3.33333;-3.5;15.16
11;-3.33333;-2.5;22.38
12;-3.5;-3;5.31
13;-3.5;-3;5.31
14;-3.5;-3;5.31
15;-3.5;-3;5.31
