RUN;X;Y
1;-2;-1
2;2;-1
3;-2;3
4;2;3
5;-2;0.333333
6;-2;1.66667
7;2;0.333333
8;2;1.66667
9;-0.666667;-1
10;0.666667;-1
11;-0.666667;3
12;0;1
13;0;1
14;0;1
15;0;1
