Number;X;Y;eval
1;-3;-3;26
2;1;-3;178
3;-3;1;82
4;1;1;106
5;-3;-1.66667;65.6
6;-3;-0.333333;103.23
7;1;-1.66667;146.49
8;1;-0.333333;141.46
9;-1.66667;-3;126.05
10;-0.333333;-3;195.68
11;-0.333333;1;137.9
12;-1;-1;170
13;-1;-1;170
14;-1;-1;170
15;-1;-1;170
