Number;X;Y;eval
1;0.9;0.9;0.82
2;1;0.9;1
3;0.9;1;3.62
4;1;1;0
5;0.9;0.933333;1.531102889
6;0.9;0.966667;2.464454889
7;1;0.933333;0.444448889
8;1;0.966667;0.111108889
9;0.933333;0.9;0.087904874
10;0.966667;0.9;0.119757504
11;0.966667;1;0.430855726
12;0.95;0.95;0.228125
13;0.95;0.95;0.228125
14;0.95;0.95;0.228125
15;0.95;0.95;0.228125
