Number;X;Y;eval
1;-4;-4;26
2;-2;-4;170
3;-4;-2;58
4;-2;-2;106
5;-4;-3.33333;2.79
6;-4;-2.66667;20.57
7;-2;-3.33333;111.23
8;-2;-2.66667;97.01
9;-3.33333;-4;47.23
10;-2.66667;-4;102.35
11;-3.33333;-2;43.68
12;-3;-3;26
13;-3;-3;26
14;-3;-3;26
15;-3;-3;26
