Number;X;Y;eval
1;0.6;0.6;5.92
2;1;0.6;16
3;0.6;1;41.12
4;1;1;0
5;0.6;0.733333;14.09775289
6;0.6;0.866667;25.83114489
7;1;0.733333;7.111128889
8;1;0.866667;1.777768889
9;0.866667;0.6;2.301251941
10;0.733333;1;21.43609476
11;0.866667;1;6.21231683
12;0.8;0.8;2.6
13;0.8;0.8;2.6
14;0.8;0.8;2.6
15;0.8;0.8;2.6
