Number;X;Y;eval
1;0.5;-0.5;56.5
2;1.5;-0.5;756.5
3;0.5;1;56.5
4;1.5;1;156.5
5;0.5;0;6.5
6;0.5;0.5;6.5
7;1.5;0;506.5
8;1.5;0.5;306.5
9;0.833333;-0.5;142.6973983
10;1.16667;-0.5;346.4041308
11;0.833333;1;9.364231593
12;1;0.25;56.25
13;1;0.25;56.25
14;1;0.25;56.25
15;1;0.25;56.25
