Number,X,Y,eval,real
1,3.593,-1.879,0.016,0.016226458082000052
2,3.018,2.007,0.015,0.015420135376999843
3,-2.811,3.131,0.001,0.0011321137619999223
4,-3.779,-3.266,0.012,0.012818970817000066
5,3.569,-1.801,0.04,0.03911755632200018
6,3.03,1.951,0.045,0.04416224280099985
7,2.977,2.052,0.043,0.04253808345700035
8,-2.767,3.133,0.046,0.04676974424200007
9,-3.767,-3.309,0.048,0.04739161688200063
