RUN,X,Y,real
1,1.02,0.6,119.18651216
2,1.08,6.0,919.50288896
3,-3.0,1.86,42.796432159999995
4,-6.0,-1.2,700.0735999999998
5,-6.0,-5.23437,598.0006549264472
6,1.02,0.6,119.18651216
7,-2.04,-6.0,891.6661145600001
8,1.62,-3.67993,211.9521671493575
9,6.0,5.88,2080.8147353599998
10,-3.8694,6.0,730.9929532695605
11,1.02,0.6,119.18651216
12,6.0,-4.56,809.58020096
13,6.0,0.840652,667.8253231475796
14,-3.8694,6.0,730.9929532695605
