Run,X,Y,real
1,0.64,-0.52,7.048294774454373
2,-2.72,-4.0,33907.443125000005
3,0.64,-4.0,1662.363125
4,4.0,3.0,12632.203125
5,1.2,2.31926,334.6318023896742
6,-2.16,-1.2,113.3239297104
7,0.64,-0.52,7.048294774454373
8,-4.0,3.76,45058.997508446
9,-4.0,0.92,23.839028381503997
10,-2.72,-4.0,33907.443125000005
11,4.0,-0.4,20.702260999999996
12,-1.28,4.0,6379.1183249999995
13,0.64,-0.52,7.048294774454373
14,4.0,-4.0,70459.203125
