Run,X,Y,real
1,4.0,-1.12,19.96471372578589
2,-0.6,4.0,34.45016994374947
3,-1.16,-2.24,20.377026854916913
4,-0.52,0.597419,38.73287900953906
5,1.12,-4.0,19.96471372578589
6,-4.0,4.0,32.0
7,-4.0,-2.8,30.74983005625053
8,2.28,1.2,25.42204320210775
9,-0.52,0.597419,38.73287900953906
10,-4.0,-2.8,30.74983005625053
11,-4.0,0.56,35.61136485888251
12,4.0,-4.0,32.0
13,2.88,4.0,27.004713725785884
14,-0.52,0.597419,38.73287900953906
