Number,X,Y,eval,real
1,3.584,-1.852,0.0,0.00024154035199998926
2,-3.777,-3.285,0.001,0.00057372206600001
3,-2.801,3.132,0.0,0.000572678976999919
4,3.001,2.002,0.0,0.00014508801699998657
