Run ;X;Y
1;4;-1.12
2;-0.6;4
3;-1.16;-2.24
4;-0.52;0.597419
5;1.12;-4
6;-4;4
7;-4;-2.8
8;2.28;1.2
9;-0.52;0.597419
10;-4;-2.8
11;-4;0.56
12;4;-4
13;2.88;4
14;-0.52;0.597419
