Run,X,Y,real
1,-5.12,-5.12,57.849427451571785
2,5.12,-5.12,57.849427451571785
3,-5.12,5.12,57.849427451571785
4,5.12,5.12,57.849427451571785
5,-5.12,-1.70667,44.52643269595249
6,-5.12,1.70667,44.52643269595249
7,5.12,-1.70667,44.52643269595249
8,5.12,1.70667,44.52643269595249
9,-1.70667,-5.12,44.526432695952494
10,1.70667,-5.12,44.526432695952494
11,1.70667,5.12,44.526432695952494
12,0.0,0.0,0.0
13,0.0,0.0,0.0
14,0.0,0.0,0.0
15,0.0,0.0,0.0
