Number;X;Y;eval
1;-0.5;-0.5;40.5
2;0.5;-0.5;40.5
3;-0.5;0.5;40.5
4;0.5;0.5;40.5
5;-0.5;-0.166667;25.27779603
6;-0.5;0.166667;25.27779603
7;0.5;-0.166667;25.27779603
8;0.5;0.166667;25.27779603
9;-0.166667;-0.5;25.27779603
10;-0.166667;0.5;25.27779603
11;0.166667;0.5;25.27779603
12;0;0;0
13;0;0;0
14;0;0;0
15;0;0;0
