Run ;X;Y
1;-5.12;-5.12
2;5.12;-5.12
3;-5.12;5.12
4;5.12;5.12
5;-5.12;-1.70667
6;-5.12;1.70667
7;5.12;-1.70667
8;5.12;1.70667
9;-1.70667;-5.12
10;1.70667;-5.12
11;1.70667;5.12
12;0;0
13;0;0
14;0;0
15;0;0
